id,nom,prenom,email,matricule,password
84,CHIENANG TCHANKIO JOEL ROLAND,,2026IUT0084@no-email.local,2026IUT0084,2026iutGI@084
85,DOUANLA Khamel Orlan,,2026IUT0085@no-email.local,2026IUT0085,2026iutGI@085
86,FOKO MANG Christ Brayant,,2026IUT0086@no-email.local,2026IUT0086,2026iutGI@086
87,KANA KENMENE Laura Princesse,,2026IUT0087@no-email.local,2026IUT0087,2026iutGI@087
88,KUETE TATSA DJAMEL ANDERSON,,2026IUT0088@no-email.local,2026IUT0088,2026iutGI@088
89,SAMO DJOMO Manuella Erika,,2026IUT0089@no-email.local,2026IUT0089,2026iutGI@089
90,TCHEUMAGA MINTA MARIAH MAYBELLINE,,2026IUT0090@no-email.local,2026IUT0090,2026iutGI@090
91,TENE KUETCHE Ulrich Joel,,2026IUT0091@no-email.local,2026IUT0091,2026iutGI@091
92,WAMBO A NYAM BRYAN,,2026IUT0092@no-email.local,2026IUT0092,2026iutGI@092
